{
  "version": 1,
  "author": "bhavya",
  "editor": "wokwi",
  "parts": [
    { "type": "wokwi-esp32-devkit-v1", "id": "esp", "top": -20, "left": -80, "attrs": {} },
    { "type": "wokwi-dht22", "id": "dht1", "top": -100, "left": 180, "attrs": {} },
    { "type": "wokwi-led", "id": "led1", "top": -140, "left": -200, "attrs": { "color": "red" } },
    { "type": "wokwi-buzzer", "id": "bz1", "top": -140, "left": -320, "attrs": {} }
  ],
  "connections": [
    ["dht1:VCC", "esp:3V3", "red", ["v0"]],
    ["dht1:GND", "esp:GND.1", "black", ["v0"]],
    ["dht1:DATA", "esp:2", "green", ["v0"]],
    ["led1:A", "esp:4", "green", ["v0"]],
    ["led1:C", "esp:GND.1", "black", ["v0"]],
    ["bz1:1", "esp:5", "green", ["v0"]],
    ["bz1:2", "esp:GND.2", "black", ["v0"]]
  ]
}
